,Key Field,Field Name,Type,Length and Decimals,Object Type
0,*,SITE,C,5,
1,*,PROT,C,5,
2,*,PROJID,C,5,
3,*,AEDATE,D,8,
4,*,AESEQNUM,C,2,
5,,A1AWARDT,D,8,TEXTBOX
6,,A1RDRUG2,C,1,CHECKBOX
7,,A1ADRUG2,C,1,COMBOBOX
8,,A1RDRUG1,C,1,CHECKBOX
9,,A1ADRUG1,C,1,LISTBOX
10,,A1DTHDT,D,8,TEXTBOX
11,,A1HOSPAD,D,8,TEXTBOX
12,,A1HOSPDC,D,8,TEXTBOX
13,,AD1COMM,M,4,TEXTAREA
14,,A1ALTSDG,C,1,
15,,A1ASSOC,C,2,LISTBOX
16,,A1OUTCM,C,2,LISTBOX
17,,,,,
18,,,,,
19,,,,,
20,Serious Adverse Event Summary(AD2),,,,
21,Version 1.00,,,,
22,,,,,
23,,,,,
24,Key Field,Field Name,Type,Length and Decimals,Object Type
25,*,SITE,C,5,
26,*,PROT,C,5,
27,*,PROJID,C,5,
28,*,AEDATE,D,8,
29,*,AESEQNUM,C,2,
30,,A2SUMM,M,4,TEXTAREA
31,,A2SAEMHX,C,2,CHECKBOX
32,,A2MEDHX,M,4,TEXTAREA
33,,A2SAEMED,C,2,CHECKBOX
34,,A2_01DNM,C,30,TEXTBOX
35,,A2_01DIN,C,30,TEXTBOX
36,,A2_02DNM,C,30,TEXTBOX
37,,A2_02DIN,C,30,TEXTBOX
38,,A2_03DNM,C,30,TEXTBOX
39,,A2_03DIN,C,30,TEXTBOX
40,,A2_04DNM,C,30,TEXTBOX
41,,A2_04DIN,C,30,TEXTBOX
42,,A2_05DNM,C,30,TEXTBOX
43,,A2_05DIN,C,30,TEXTBOX
44,,A2_06DNM,C,30,TEXTBOX
45,,A2_06DIN,C,30,TEXTBOX
46,,A2_07DNM,C,30,TEXTBOX
47,,A2_07DIN,C,30,TEXTBOX
48,,A2_08DNM,C,30,TEXTBOX
49,,A2_08DIN,C,30,TEXTBOX
50,,A2_09DNM,C,30,TEXTBOX
51,,A2_09DIN,C,30,TEXTBOX
52,,A2_10DNM,C,30,TEXTBOX
53,,A2_10DIN,C,30,TEXTBOX
54,,A2SAETRT,C,2,CHECKBOX
55,,A2_1TNME,C,30,TEXTBOX
56,,A2_1TIND,C,30,TEXTBOX
57,,A2_1LTDT,D,8,TEXTBOX
58,,A2_2TNME,C,30,TEXTBOX
59,,A2_2TIND,C,30,TEXTBOX
60,,A2_2LTDT,D,8,TEXTBOX
61,,A2_3TNME,C,30,TEXTBOX
62,,A2_3TIND,C,30,TEXTBOX
63,,A2_3LTDT,D,8,TEXTBOX
64,,A2_4TNME,C,30,TEXTBOX
65,,A2_4TIND,C,30,TEXTBOX
66,,A2_4LTDT,D,8,TEXTBOX
67,,A2_5TNME,C,30,TEXTBOX
68,,A2_5TIND,C,30,TEXTBOX
69,,A2_5LTDT,D,8,TEXTBOX
70,,A2SAELAB,C,2,CHECKBOX
71,,A2_1LBNM,C,30,TEXTBOX
72,,A2_1LBIN,C,70,TEXTBOX
73,,A2_1LBDT,D,8,TEXTBOX
74,,A2_2LBNM,C,30,TEXTBOX
75,,A2_2LBIN,C,70,TEXTBOX
76,,A2_2LBDT,D,8,TEXTBOX
77,,A2_3LBNM,C,30,TEXTBOX
78,,A2_3LBIN,C,70,TEXTBOX
79,,A2_3LBDT,D,8,TEXTBOX
80,,A2_4LBNM,C,30,TEXTBOX
81,,A2_4LBIN,C,70,TEXTBOX
82,,A2_4LBDT,D,8,TEXTBOX
83,,A2_5LBNM,C,30,TEXTBOX
84,,A2_5LBIN,C,70,TEXTBOX
85,,A2_5LBDT,D,8,TEXTBOX
86,,A2FOLLUP,M,4,TEXTAREA
87,,A2ADDINF,M,4,TEXTAREA
88,,A2RQADDR,C,1,CHECKBOX
89,,,,,
90,,,,,
91,,,,,
92,,,,,
93,,,,,
94,Serious Adverse Event Medical Reviewer(AD3),,,,
95,Version 3.00,,,,
96,,,,,
97,,,,,
98,Key Field,Field Name,Type,Length and Decimals,Object Type
99,*,SITE,C,5,
100,*,PROT,C,5,
101,*,PROJID,C,5,
102,*,AEDATE,D,8,
103,*,AESEQNUM,C,2,
104,,A3SAE,C,1,CHECKBOX
105,,A3RXRNTX,C,1,CHECKBOX
106,,A3RELDRG,C,1,CHECKBOX
107,,A3EXPECT,C,1,CHECKBOX
108,,A3EXPFDA,C,1,CHECKBOX
109,,,,,
110,,A3EXPOTH,C,1,CHECKBOX
111,,A3MPROT,C,1,CHECKBOX
112,,A3MCNST,C,1,CHECKBOX
113,,A3REVDNE,C,1,CHECKBOX
114,,A3ADDINF,M,4,TEXTAREA
115,,A3ASRID,C,3,TEXTBOX
116,,A3REVID,C,3,TEXTBOX
117,,A3COMM,M,4,TEXTAREA
118,,,,,
119,,,,,
120,,,,,
121,,,,,
122,,,,,
123,Alcohol and Substance Use History(ASU),,,,
124,Version 2.00,,,,
125,,,,,
126,,,,,
127,Key Field,Field Name,Type,Length and Decimals,Object Type
128,*,SITE,C,5,
129,*,PROT,C,5,
130,*,PROJID,C,5,
131,*,PROTSEG,C,1,
132,*,VISNO,C,4,
133,,ASUASMDT,D,8,TEXTBOX
134,,AUALCLFT,C,1,CHECKBOX
135,,AUALCAGE,N,2(0),TEXTBOX
136,,AUSEDLFT,C,1,CHECKBOX
137,,AUSEDLSP,C,50,TEXTBOX
138,,AUSEDAGE,N,2(0),TEXTBOX
139,,AUTNQLFT,C,1,CHECKBOX
140,,AUTNQLSP,C,50,TEXTBOX
141,,AUTRQAGE,N,2(0),TEXTBOX
142,,AUPNKLFT,C,1,CHECKBOX
143,,AUPNKLSP,C,50,TEXTBOX
144,,AUPNKAGE,N,2(0),TEXTBOX
145,,AUSTMLFT,C,1,CHECKBOX
146,,AUSTMLSP,C,50,TEXTBOX
147,,AUSTMAGE,N,2(0),TEXTBOX
148,,AUTHCLFT,C,1,CHECKBOX
149,,AUTHCLSP,C,50,TEXTBOX
150,,AUTHCAGE,N,2(0),TEXTBOX
151,,AUCOCLFT,C,1,CHECKBOX
152,,AUCOCLSP,C,50,TEXTBOX
153,,AUCOCAGE,N,2(0),TEXTBOX
154,,AUHALLFT,C,1,CHECKBOX
155,,AUHALLSP,C,50,TEXTBOX
156,,AUHALAGE,N,2(0),TEXTBOX
157,,AUINHLFT,C,1,CHECKBOX
158,,AUINHLSP,C,50,TEXTBOX
159,,AUINHAGE,N,2(0),TEXTBOX
160,,AUHERLFT,C,1,CHECKBOX
161,,AUHERAGE,N,2(0),TEXTBOX
162,,AUOTHLFT,C,1,CHECKBOX
163,,AUOTHLSP,C,50,TEXTBOX
164,,AUOTHAGE,N,2(0),TEXTBOX
165,,ASUCOMM,M,4,TEXTAREA
166,,,,,
167,,,,,
168,,,,,
169,,,,,
170,,,,,
171,Bupropion Blood Levels(BBL),,,,
172,Version 1.00,,,,
173,,,,,
174,,,,,
175,Key Field,Field Name,Type,Length and Decimals,Object Type
176,*,SITE,C,5,
177,*,PROT,C,5,
178,*,PROJID,C,5,
179,*,PROTSEG,C,1,
180,*,VISNO,C,4,
181,,BBBLDCLT,C,1,CHECKBOX
182,,BBNBLDSP,C,50,TEXTBOX
183,,BBCLTDT,D,8,TEXTBOX
184,,BBCLTTM,T,5,TEXTBOX
185,,BBPKACC,C,15,TEXTBOX
186,,BBBUPDT,D,8,TEXTBOX
187,,BBBUPTM,T,5,TEXTBOX
188,,BBVVTLDT,D,8,TEXTBOX
189,,BBVVTLTM,T,5,TEXTBOX
190,,BBPK1SHP,C,1,CHECKBOX
191,,BBPK1NSP,C,50,TEXTBOX
192,,BBPK1SDT,D,8,TEXTBOX
193,,BBPK2SHP,C,1,CHECKBOX
194,,BBPK2NSP,C,50,TEXTBOX
195,,BBPK2SDT,D,8,TEXTBOX
196,,BBLCOMM,M,4,TEXTAREA
197,,,,,
198,,,,,
199,,,,,
200,,,,,
201,,,,,
202,Concise Health Risk Tracking (CHRT) - Participant Rated Module(CHP),,,,
203,Version 1.02,,,,
204,,,,,
205,,,,,
206,Key Field,Field Name,Type,Length and Decimals,Object Type
207,*,SITE,C,5,
208,*,PROT,C,5,
209,*,PROJID,C,5,
210,*,PROTSEG,C,1,
211,*,VISNO,C,4,
212,,CHPASMDT,D,8,TEXTBOX
213,,CHNVRBTR,C,1,CHECKBOX
214,,CHNOFUTR,C,1,CHECKBOX
215,,CHNORGHT,C,1,CHECKBOX
216,,CHWRONG,C,1,CHECKBOX
217,,CHDEPEND,C,1,CHECKBOX
218,,CHPPLGNE,C,1,CHECKBOX
219,,CHSUFFER,C,1,CHECKBOX
220,,CHRSLIVE,C,1,CHECKBOX
221,,CHSLEEP,C,1,CHECKBOX
222,,CHNOTHNK,C,1,CHECKBOX
223,,CHIMPULS,C,1,CHECKBOX
224,,CHIRRITE,C,1,CHECKBOX
225,,CHOVRRCT,C,1,CHECKBOX
226,,CHKILLMS,C,1,CHECKBOX
227,,CHHOWKIL,C,1,CHECKBOX
228,,CHPLNKIL,C,1,CHECKBOX
229,,CHPCOMM,M,4,TEXTAREA
230,,,,,
231,,,,,
232,,,,,
233,,,,,
234,,,,,
235,Bupropion Dose Log and Video Confirmation of Dosing(D54),,,,
236,Version 3.00,,,,
237,,,,,
238,,,,,
239,Key Field,Field Name,Type,Length and Decimals,Object Type
240,*,SITE,C,5,
241,*,PROT,C,5,
242,*,PROJID,C,5,
243,*,PROTSEG,C,1,
244,*,WKNM54,N,1(0),
245,,D54DTD1,D,8,TEXTBOX
246,,D54D15D1,C,1,LISTBOX
247,,D54DSDT1,D,8,TEXTBOX
248,,D54T15D1,C,2,LISTBOX
249,,D54LOCD1,C,1,LISTBOX
250,,D54VIDD1,C,1,LISTBOX
251,,D54V15D1,C,1,LISTBOX
252,,D54COMD1,C,40,TEXTBOX
253,,D54DTD2,D,8,TEXTBOX
254,,D54D15D2,C,1,LISTBOX
255,,D54DSDT2,D,8,TEXTBOX
256,,D54T15D2,C,2,LISTBOX
257,,D54LOCD2,C,1,LISTBOX
258,,D54VIDD2,C,1,LISTBOX
259,,D54V15D2,C,1,LISTBOX
260,,D54COMD2,C,40,TEXTBOX
261,,D54DTD3,D,8,TEXTBOX
262,,D54D15D3,C,1,LISTBOX
263,,D54DSDT3,D,8,TEXTBOX
264,,D54T15D3,C,2,LISTBOX
265,,D54LOCD3,C,1,LISTBOX
266,,D54VIDD3,C,1,LISTBOX
267,,D54V15D3,C,1,LISTBOX
268,,D54COMD3,C,40,TEXTBOX
269,,D54DTD4,D,8,TEXTBOX
270,,D54D15D4,C,1,LISTBOX
271,,D54DSDT4,D,8,TEXTBOX
272,,D54T15D4,C,2,LISTBOX
273,,D54LOCD4,C,1,LISTBOX
274,,D54VIDD4,C,1,LISTBOX
275,,D54V15D4,C,1,LISTBOX
276,,D54COMD4,C,40,TEXTBOX
277,,D54DTD5,D,8,TEXTBOX
278,,D54D15D5,C,1,LISTBOX
279,,D54DSDT5,D,8,TEXTBOX
280,,D54T15D5,C,2,LISTBOX
281,,D54LOCD5,C,1,LISTBOX
282,,D54VIDD5,C,1,LISTBOX
283,,D54V15D5,C,1,LISTBOX
284,,D54COMD5,C,40,TEXTBOX
285,,D54DTD6,D,8,TEXTBOX
286,,D54D15D6,C,1,LISTBOX
287,,D54DSDT6,D,8,TEXTBOX
288,,D54T15D6,C,2,LISTBOX
289,,D54LOCD6,C,1,LISTBOX
290,,D54VIDD6,C,1,LISTBOX
291,,D54V15D6,C,1,LISTBOX
292,,D54COMD6,C,40,TEXTBOX
293,,D54DTD7,D,8,TEXTBOX
294,,D54D15D7,C,1,LISTBOX
295,,D54DSDT7,D,8,TEXTBOX
296,,D54T15D7,C,2,LISTBOX
297,,D54LOCD7,C,1,LISTBOX
298,,D54VIDD7,C,1,LISTBOX
299,,D54V15D7,C,1,LISTBOX
300,,D54COMD7,C,40,TEXTBOX
301,,D54COMM,M,4,TEXTAREA
302,,,,,
303,,,,,
304,,,,,
305,,,,,
306,,,,,
307,Demographics(DEM),,,,
308,Version 3.00,,,,
309,,,,,
310,,,,,
311,Key Field,Field Name,Type,Length and Decimals,Object Type
312,*,PROJID,C,5,
313,,DEBRTHDT,D,8,
314,,DEGENDER,C,2,LISTBOX
315,,DEAGE,N,2(0),TEXTBOX
316,,DEHISPNC,C,2,LISTBOX
317,,DEHISPSP,C,2,
318,,DEWHITE,C,1,CHECKBOX
319,,DEBLACK,C,1,CHECKBOX
320,,DEAMEIND,C,1,
321,,DEALASKA,C,1,
322,,DEHAWAII,C,1,
323,,DEGUAM,C,1,
324,,DESAMOAN,C,1,
325,,DEPACISL,C,1,
326,,DEPACISO,C,50,
327,,DEASAIND,C,1,
328,,DECHINA,C,1,
329,,DEFILIPN,C,1,
330,,DEJAPAN,C,1,
331,,DEKOREA,C,1,
332,,DEVIETNM,C,1,
333,,DEASIAN,C,1,CHECKBOX
334,,DEASIAOT,C,50,
335,,DERACEOT,C,1,
336,,DERACESP,C,25,
337,,DERACEDK,C,1,CHECKBOX
338,,DERACERF,C,1,CHECKBOX
339,,DEEDUCTN,C,2,
340,,DEJOB,C,2,
341,,DEJOBSP,C,50,
342,,DEMARTL,C,2,
343,,DEMCOMM,M,4,TEXTAREA
344,,DEAMIND,C,1,CHECKBOX
345,,DEPACIS,C,1,CHECKBOX
346,,,,,
347,,,,,
348,,,,,
349,,,,,
350,,,,,
351,DSM - 5 - Substance Use Disorders(DSM),,,,
352,Version 2.00,,,,
353,,,,,
354,,,,,
355,Key Field,Field Name,Type,Length and Decimals,Object Type
356,*,SITE,C,5,
357,*,PROT,C,5,
358,*,PROJID,C,5,
359,*,PROTSEG,C,1,
360,*,VISNO,C,4,
361,,DSMASMDT,D,8,TEXTBOX
362,,DSOPI12M,C,1,LISTBOX
363,,DSALC12M,C,1,LISTBOX
364,,DSAMP12M,C,1,LISTBOX
365,,DSMET12M,C,1,LISTBOX
366,,DSTHC12M,C,1,LISTBOX
367,,DSCOC12M,C,1,LISTBOX
368,,DSSED12M,C,1,LISTBOX
369,,DSOPIOBL,C,1,LISTBOX
370,,DSALCOBL,C,1,LISTBOX
371,,DSAMPOBL,C,1,LISTBOX
372,,DSMETOBL,C,1,LISTBOX
373,,DSTHCOBL,C,1,LISTBOX
374,,DSCOCOBL,C,1,LISTBOX
375,,DSSEDOBL,C,1,LISTBOX
376,,DSOPIHAZ,C,1,LISTBOX
377,,DSALCHAZ,C,1,LISTBOX
378,,DSAMPHAZ,C,1,LISTBOX
379,,DSMETHAZ,C,1,LISTBOX
380,,DSTHCHAZ,C,1,LISTBOX
381,,DSCOCHAZ,C,1,LISTBOX
382,,DSSEDHAZ,C,1,LISTBOX
383,,DSOPISOC,C,1,LISTBOX
384,,DSALCSOC,C,1,LISTBOX
385,,DSAMPSOC,C,1,LISTBOX
386,,DSMETSOC,C,1,LISTBOX
387,,DSTHCSOC,C,1,LISTBOX
388,,DSCOCSOC,C,1,LISTBOX
389,,DSSEDSOC,C,1,LISTBOX
390,,DSOPITOL,C,1,LISTBOX
391,,DSALCTOL,C,1,LISTBOX
392,,DSAMPTOL,C,1,LISTBOX
393,,DSMETTOL,C,1,LISTBOX
394,,DSTHCTOL,C,1,LISTBOX
395,,DSCOCTOL,C,1,LISTBOX
396,,DSSEDTOL,C,1,LISTBOX
397,,DSOPIWIT,C,1,LISTBOX
398,,DSALCWIT,C,1,LISTBOX
399,,DSAMPWIT,C,1,LISTBOX
400,,DSMETWIT,C,1,LISTBOX
401,,DSTHCWIT,C,1,LISTBOX
402,,DSCOCWIT,C,1,LISTBOX
403,,DSSEDWIT,C,1,LISTBOX
404,,DSOPIDOS,C,1,LISTBOX
405,,DSALCDOS,C,1,LISTBOX
406,,DSAMPDOS,C,1,LISTBOX
407,,DSMETDOS,C,1,LISTBOX
408,,DSTHCDOS,C,1,LISTBOX
409,,DSCOCDOS,C,1,LISTBOX
410,,DSSEDDOS,C,1,LISTBOX
411,,DSOPICUT,C,1,LISTBOX
412,,DSALCCUT,C,1,LISTBOX
413,,DSAMPCUT,C,1,LISTBOX
414,,DSMETCUT,C,1,LISTBOX
415,,DSTHCCUT,C,1,LISTBOX
416,,DSCOCCUT,C,1,LISTBOX
417,,DSSEDCUT,C,1,LISTBOX
418,,DSOPITIM,C,1,LISTBOX
419,,DSALCTIM,C,1,LISTBOX
420,,DSAMPTIM,C,1,LISTBOX
421,,DSMETTIM,C,1,LISTBOX
422,,DSTHCTIM,C,1,LISTBOX
423,,DSCOCTIM,C,1,LISTBOX
424,,DSSEDTIM,C,1,LISTBOX
425,,DSOPIACT,C,1,LISTBOX
426,,DSALCACT,C,1,LISTBOX
427,,DSAMPACT,C,1,LISTBOX
428,,DSMETACT,C,1,LISTBOX
429,,DSTHCACT,C,1,LISTBOX
430,,DSCOCACT,C,1,LISTBOX
431,,DSSEDACT,C,1,LISTBOX
432,,DSOPICON,C,1,LISTBOX
433,,DSALCCON,C,1,LISTBOX
434,,DSAMPCON,C,1,LISTBOX
435,,DSMETCON,C,1,LISTBOX
436,,DSTHCCON,C,1,LISTBOX
437,,DSCOCCON,C,1,LISTBOX
438,,DSSEDCON,C,1,LISTBOX
439,,DSOPICRA,C,1,LISTBOX
440,,DSALCCRA,C,1,LISTBOX
441,,DSAMPCRA,C,1,LISTBOX
442,,DSMETCRA,C,1,LISTBOX
443,,DSTHCCRA,C,1,LISTBOX
444,,DSCOCCRA,C,1,LISTBOX
445,,DSSEDCRA,C,1,LISTBOX
446,,DSOPISCO,C,1,CHECKBOX
447,,,,,
448,,,,,
449,,,,,
450,,DSALCSCO,C,1,CHECKBOX
451,,,,,
452,,,,,
453,,,,,
454,,DSAMPSCO,C,1,CHECKBOX
455,,,,,
456,,,,,
457,,,,,
458,,DSMETSCO,C,1,CHECKBOX
459,,,,,
460,,,,,
461,,,,,
462,,DSTHCSCO,C,1,CHECKBOX
463,,,,,
464,,,,,
465,,,,,
466,,DSCOCSCO,C,1,CHECKBOX
467,,,,,
468,,,,,
469,,,,,
470,,DSSEDSCO,C,1,CHECKBOX
471,,,,,
472,,,,,
473,,,,,
474,,DSMCOMM,M,4,TEXTAREA
475,,,,,
476,,,,,
477,,,,,
478,,,,,
479,,,,,
480,Electrocardiogram (ECG) Results(ECG),,,,
481,Version 3.00,,,,
482,,,,,
483,,,,,
484,Key Field,Field Name,Type,Length and Decimals,Object Type
485,*,SITE,C,5,
486,*,PROT,C,5,
487,*,PROJID,C,5,
488,*,PROTSEG,C,1,
489,*,VISNO,C,4,
490,,ECGASMDT,D,8,TEXTBOX
491,,ECSINRTM,C,1,CHECKBOX
492,,ECVENTRT,N,3(0),TEXTBOX
493,,ECQTC,N,3(0),TEXTBOX
494,,ECPR,N,3(0),TEXTBOX
495,,ECQRS,N,3(0),TEXTBOX
496,,EC1PRAXS,N,4(0),TEXTBOX
497,,EC2PRAXS,N,4(0),TEXTBOX
498,,EC3PRAXS,N,4(0),TEXTBOX
499,,ECQTCPLG,C,1,CHECKBOX
500,,ECATFIB,C,1,CHECKBOX
501,,ECATFLR,C,1,CHECKBOX
502,,EC2AVBLK,C,1,CHECKBOX
503,,EC3AVBLK,C,1,CHECKBOX
504,,ECSUMOTH,C,1,CHECKBOX
505,,ECQRSINC,C,1,CHECKBOX
506,,ECSVPB,C,1,CHECKBOX
507,,ECLAHYPY,C,1,CHECKBOX
508,,ECVPB,C,1,CHECKBOX
509,,ECRAHYPY,C,1,CHECKBOX
510,,ECSPVTTY,C,1,CHECKBOX
511,,ECLVHYPY,C,1,CHECKBOX
512,,ECVTTY,C,1,CHECKBOX
513,,ECRVHYP,C,1,CHECKBOX
514,,ECOTHRA,C,1,CHECKBOX
515,,ECACTINF,C,1,CHECKBOX
516,,ECPACEMK,C,1,CHECKBOX
517,,ECSATINF,C,1,CHECKBOX
518,,EC1AVBLK,C,1,CHECKBOX
519,,ECINFOLD,C,1,CHECKBOX
520,,ECLBBBLK,C,1,CHECKBOX
521,,ECMYISCH,C,1,CHECKBOX
522,,ECRBBBLK,C,1,CHECKBOX
523,,ECDGTEFT,C,1,CHECKBOX
524,,ECPES,C,1,CHECKBOX
525,,ECSTWI,C,1,CHECKBOX
526,,ECOTHIVB,C,1,CHECKBOX
527,,ECPRWPG,C,1,CHECKBOX
528,,ECOTHSP,C,26,TEXTBOX
529,,ECOTH,C,1,CHECKBOX
530,,ECOTHSTT,C,1,CHECKBOX
531,,ECSTACHY,C,1,CHECKBOX
532,,ECSBRADY,C,1,CHECKBOX
533,,ECGELIG1,C,1,CHECKBOX
534,,ECGELIG2,C,1,CHECKBOX
535,,ECGCOMM,M,4,TEXTAREA
536,,,,,
537,,,,,
538,,,,,
539,,,,,
540,,,,,
541,0054A(ENR),,,,
542,Version 1.00,,,,
543,,,,,
544,,,,,
545,Key Field,Field Name,Type,Length and Decimals,Object Type
546,*,SITE,C,5,
547,*,PROT,C,5,
548,*,PROJID,C,5,
549,,S3CNSTDT,D,8,TEXTBOX
550,,S3SCRNID,N,4(0),TEXTBOX
551,,S3COMM,M,4,TEXTAREA
552,,,,,
553,,,,,
554,,,,,
555,,,,,
556,,,,,
557,0054B(ENR),,,,
558,Version 1.00,,,,
559,,,,,
560,,,,,
561,Key Field,Field Name,Type,Length and Decimals,Object Type
562,*,SITE,C,5,
563,*,PROT,C,5,
564,*,PROJID,C,5,
565,,R3ASMDT,D,8,TEXTBOX
566,,R3PTAGE,C,2,CHECKBOX
567,,R3ENGLSH,C,2,CHECKBOX
568,,R3COMPT,C,2,CHECKBOX
569,,R3METSTP,C,2,CHECKBOX
570,,R3METDSM,C,2,CHECKBOX
571,,R3MET20D,C,2,CHECKBOX
572,,R3METUDS,C,2,CHECKBOX
573,,R3OPFREE,C,2,CHECKBOX
574,,R3BCUSE,C,2,CHECKBOX
575,,R3VIDEO,C,2,CHECKBOX
576,,R3PSYCH,C,2,CHECKBOX
577,,R3HYPTEN,C,2,CHECKBOX
578,,R3SUICDE,C,2,CHECKBOX
579,,R3ALERGY,C,2,CHECKBOX
580,,R3SEIZUR,C,2,CHECKBOX
581,,R3BLOCK,C,2,CHECKBOX
582,,R3LIVER,C,2,CHECKBOX
583,,R3PLATE,C,2,CHECKBOX
584,,R3HABTUS,C,2,CHECKBOX
585,,R3STUDY,C,2,CHECKBOX
586,,R3INDDRU,C,2,CHECKBOX
587,,R3CTP,C,2,CHECKBOX
588,,R3TREAT,C,2,CHECKBOX
589,,R3PRESCR,C,2,CHECKBOX
590,,R3LEGAL,C,2,CHECKBOX
591,,R3SURGRY,C,2,CHECKBOX
592,,R3OPMED,C,2,CHECKBOX
593,,R3SEDATE,C,2,CHECKBOX
594,,R3PREGNT,C,2,CHECKBOX
595,,R3ELGSTY,C,1,CHECKBOX
596,,R3ELGRDM,C,1,CHECKBOX
597,,R3NORSP,C,2,LISTBOX
598,,R3JGOTSP,M,4,TEXTAREA
599,,R3COMM,M,4,TEXTAREA
600,,R3OTHRSP,C,50,
601,,,,,
602,,,,,
603,,,,,
604,,,,,
605,,,,,
606,0054Z(ENR),,,,
607,Version,,,,
608,,,,,
609,,,,,
610,Key Field,Field Name,Type,Length and Decimals,Object Type
611,*,SITE,C,5,
612,*,PROT,C,5,
613,*,PROJID,C,5,
614,,R3ASMDT,D,8,TEXTBOX
615,,R3PTAGE,C,2,CHECKBOX
616,,R3ENGLSH,C,2,CHECKBOX
617,,R3COMPT,C,2,CHECKBOX
618,,R3METSTP,C,2,CHECKBOX
619,,R3METDSM,C,2,CHECKBOX
620,,R3MET20D,C,2,CHECKBOX
621,,R3METUDS,C,2,CHECKBOX
622,,R3OPFREE,C,2,CHECKBOX
623,,R3BCUSE,C,2,CHECKBOX
624,,R3VIDEO,C,2,CHECKBOX
625,,R3PSYCH,C,2,CHECKBOX
626,,R3HYPTEN,C,2,CHECKBOX
627,,R3SUICDE,C,2,CHECKBOX
628,,R3ALERGY,C,2,CHECKBOX
629,,R3SEIZUR,C,2,CHECKBOX
630,,R3BLOCK,C,2,CHECKBOX
631,,R3LIVER,C,2,CHECKBOX
632,,R3PLATE,C,2,CHECKBOX
633,,R3HABTUS,C,2,CHECKBOX
634,,R3STUDY,C,2,CHECKBOX
635,,R3INDDRU,C,2,CHECKBOX
636,,R3CTP,C,2,CHECKBOX
637,,R3TREAT,C,2,CHECKBOX
638,,R3PRESCR,C,2,CHECKBOX
639,,R3LEGAL,C,2,CHECKBOX
640,,R3SURGRY,C,2,CHECKBOX
641,,R3OPMED,C,2,CHECKBOX
642,,R3SEDATE,C,2,CHECKBOX
643,,R3PREGNT,C,2,CHECKBOX
644,,R3ELGSTY,C,1,CHECKBOX
645,,R3ELGRDM,C,1,CHECKBOX
646,,R3NORSP,C,2,LISTBOX
647,,R3JGOTSP,M,4,TEXTAREA
648,,R3COMM,M,4,TEXTAREA
649,,R3OTHRSP,C,50,
650,,,,,
651,,,,,
652,,,,,
653,,,,,
654,,,,,
655,End of Medication(EOM),,,,
656,Version 4.00,,,,
657,,,,,
658,,,,,
659,Key Field,Field Name,Type,Length and Decimals,Object Type
660,*,SITE,C,5,
661,*,PROT,C,5,
662,*,PROJID,C,5,
663,*,PROTSEG,C,1,
664,,EOEARLY,C,1,CHECKBOX
665,,EOSTOP54,C,2,COMBOBOX
666,,EOSTOPSP,C,100,TEXTBOX
667,,EOLASTDS,C,1,CHECKBOX
668,,,,,
669,,EOLDSRSN,C,2,COMBOBOX
670,,EOLDSRSP,C,100,TEXTBOX
671,,EODRUGDT,D,8,TEXTBOX
672,,EOMCOMM,M,4,TEXTAREA
673,,YYSTOP,C,1,HIDDEN
674,,,,,
675,,,,,
676,,,,,
677,,,,,
678,,,,,
679,Self-Report of HIV Testing(HIV),,,,
680,Version 1.03,,,,
681,,,,,
682,,,,,
683,Key Field,Field Name,Type,Length and Decimals,Object Type
684,*,SITE,C,5,
685,*,PROT,C,5,
686,*,PROJID,C,5,
687,*,PROTSEG,C,1,
688,*,VISNO,C,4,
689,,HIVASMDT,D,8,TEXTBOX
690,,HIHIVTST,C,2,COMBOBOX
691,,HITESTMO,N,2(0),TEXTBOX
692,,HITESTYR,N,4(0),TEXTBOX
693,,HIRESULT,C,2,COMBOBOX
694,,HINORESN,C,2,LISTBOX
695,,HIVCOMM,M,4,TEXTAREA
696,,,,,
697,,,,,
698,,,,,
699,,,,,
700,,,,,
701,Injection Site Abnormality(INA),,,,
702,Version 1.00,,,,
703,,,,,
704,,,,,
705,Key Field,Field Name,Type,Length and Decimals,Object Type
706,*,SITE,C,5,
707,*,PROT,C,5,
708,*,PROJID,C,5,
709,*,PROTSEG,C,1,
710,,INETYP1,C,2,COMBOBOX
711,,INESDT1,D,8,TEXTBOX
712,,INESVR1,C,1,CHECKBOX
713,,,,,
714,,,,,
715,,INETRT1,C,50,TEXTBOX
716,,INERDT1,D,8,TEXTBOX
717,,INECOM1,C,50,TEXTBOX
718,,INETYP2,C,2,COMBOBOX
719,,INESDT2,D,8,TEXTBOX
720,,INESVR2,C,1,CHECKBOX
721,,,,,
722,,,,,
723,,INETRT2,C,50,TEXTBOX
724,,INERDT2,D,8,TEXTBOX
725,,INECOM2,C,50,TEXTBOX
726,,INETYP3,C,2,COMBOBOX
727,,INESDT3,D,8,TEXTBOX
728,,INESVR3,C,1,CHECKBOX
729,,,,,
730,,,,,
731,,INETRT3,C,50,TEXTBOX
732,,INERDT3,D,8,TEXTBOX
733,,INECOM3,C,50,TEXTBOX
734,,INETYP4,C,2,COMBOBOX
735,,INESDT4,D,8,TEXTBOX
736,,INESVR4,C,1,CHECKBOX
737,,,,,
738,,,,,
739,,INETRT4,C,50,TEXTBOX
740,,INERDT4,D,8,TEXTBOX
741,,INECOM4,C,50,TEXTBOX
742,,INETYP5,C,2,COMBOBOX
743,,INESDT5,D,8,TEXTBOX
744,,INESVR5,C,1,CHECKBOX
745,,,,,
746,,,,,
747,,INETRT5,C,50,TEXTBOX
748,,INERDT5,D,8,TEXTBOX
749,,INECOM5,C,50,TEXTBOX
750,,INETYP6,C,2,COMBOBOX
751,,INESDT6,D,8,TEXTBOX
752,,INESVR6,C,1,CHECKBOX
753,,,,,
754,,,,,
755,,INETRT6,C,50,TEXTBOX
756,,INERDT6,D,8,TEXTBOX
757,,INECOM6,C,50,TEXTBOX
758,,INETYP7,C,2,COMBOBOX
759,,INESDT7,D,8,TEXTBOX
760,,INESVR7,C,1,CHECKBOX
761,,,,,
762,,,,,
763,,INETRT7,C,50,TEXTBOX
764,,INERDT7,D,8,TEXTBOX
765,,INECOM7,C,50,TEXTBOX
766,,INETYP8,C,2,COMBOBOX
767,,INESDT8,D,8,TEXTBOX
768,,INESVR8,C,1,CHECKBOX
769,,,,,
770,,,,,
771,,INETRT8,C,50,TEXTBOX
772,,INERDT8,D,8,TEXTBOX
773,,INECOM8,C,50,TEXTBOX
774,,INETYP9,C,2,COMBOBOX
775,,INESDT9,D,8,TEXTBOX
776,,INESVR9,C,1,CHECKBOX
777,,,,,
778,,,,,
779,,INETRT9,C,50,TEXTBOX
780,,INERDT9,D,8,TEXTBOX
781,,INECOM9,C,50,TEXTBOX
782,,INETYP10,C,2,COMBOBOX
783,,INESDT10,D,8,TEXTBOX
784,,INESVR10,C,1,CHECKBOX
785,,,,,
786,,,,,
787,,INETRT10,C,50,TEXTBOX
788,,INERDT10,D,8,TEXTBOX
789,,INECOM10,C,50,TEXTBOX
790,,INETYP11,C,2,COMBOBOX
791,,INESDT11,D,8,TEXTBOX
792,,INESV11,C,1,CHECKBOX
793,,,,,
794,,,,,
795,,INETRT11,C,50,TEXTBOX
796,,INERDT11,D,8,TEXTBOX
797,,INECOM11,C,50,TEXTBOX
798,,INETYP12,C,2,COMBOBOX
799,,INESDT12,D,8,TEXTBOX
800,,INESV12,C,1,CHECKBOX
801,,,,,
802,,,,,
803,,INETRT12,C,50,TEXTBOX
804,,INERDT12,D,8,TEXTBOX
805,,INECOM12,C,50,TEXTBOX
806,,INACOMM,M,4,TEXTAREA
807,,,,,
808,,,,,
809,,,,,
810,,,,,
811,,,,,
812,XR-NTX Administration(INJ),,,,
813,Version 2.00,,,,
814,,,,,
815,,,,,
816,Key Field,Field Name,Type,Length and Decimals,Object Type
817,*,SITE,C,5,
818,*,PROT,C,5,
819,*,PROJID,C,5,
820,*,PROTSEG,C,1,
821,*,INJNUM,C,1,
822,,INJINJDT,D,8,TEXTBOX
823,,INPREV,C,1,CHECKBOX
824,,ININJLOC,C,1,CHECKBOX
825,,ININJTM,T,5,TEXTBOX
826,,INDIFFCT,C,1,CHECKBOX
827,,INDIFRES,M,4,TEXTAREA
828,,INADMN,C,1,COMBOBOX
829,,INADMNSP,C,40,TEXTBOX
830,,INJCOMM,M,4,TEXTAREA
831,,,,,
832,,,,,
833,,,,,
834,,,,,
835,,,,,
836,Injection Site Examination(INX),,,,
837,Version 1.01,,,,
838,,,,,
839,,,,,
840,Key Field,Field Name,Type,Length and Decimals,Object Type
841,*,SITE,C,5,
842,*,PROT,C,5,
843,*,PROJID,C,5,
844,*,PROTSEG,C,1,
845,*,INJNUM,C,1,
846,,INXASMDT,D,8,TEXTBOX
847,,INJPREV,C,1,CHECKBOX
848,,INJLOC,C,1,CHECKBOX
849,,INJOK,C,1,CHECKBOX
850,,INXCOMM,M,4,TEXTAREA
851,,,,,
852,,,,,
853,,,,,
854,,,,,
855,,,,,
856,Clinical Laboratory Tests(LAB),,,,
857,Version 6.03,,,,
858,,,,,
859,,,,,
860,Key Field,Field Name,Type,Length and Decimals,Object Type
861,*,SITE,C,5,
862,*,PROT,C,5,
863,*,PROJID,C,5,
864,*,PROTSEG,C,1,
865,*,VISNO,C,4,
866,,LAMCV,N,5(1),TEXTBOX
867,,LAMCH,N,4(1),TEXTBOX
868,,LAMCHC,N,4(1),TEXTBOX
869,,LARDW,N,4(1),TEXTBOX
870,,LAMPV,N,4(1),TEXTBOX
871,,LALYMPHO,N,4(1),TEXTBOX
872,,LAMONOCY,N,4(1),TEXTBOX
873,,LAEOSINO,N,4(1),TEXTBOX
874,,LABASOPH,N,4(1),TEXTBOX
875,,LANEUTPT,N,5(1),TEXTBOX
876,,LALYMPPT,N,5(1),TEXTBOX
877,,LAMONOPT,N,5(1),TEXTBOX
878,,LAEOSIPT,N,5(1),TEXTBOX
879,,LABASOPT,N,5(1),TEXTBOX
880,,LAPH,N,3(1),TEXTBOX
881,,LAUPROT,C,1,COMBOBOX
882,,LAUGLU,C,1,COMBOBOX
883,,LAKETONE,C,1,COMBOBOX
884,,LAUBILIR,C,1,COMBOBOX
885,,LABLOOD,C,1,COMBOBOX
886,,LANITRTE,C,1,COMBOBOX
887,,LAUBILNG,C,1,COMBOBOX
888,,LAGRAVTY,N,6(4),TEXTBOX
889,,LALEUKES,C,1,COMBOBOX
890,,LACOLOR,C,2,COMBOBOX
891,,LACLARTY,C,1,COMBOBOX
892,,LAUBACT,C,1,COMBOBOX
893,,LAUWBC,C,1,COMBOBOX
894,,LAURBC,C,1,COMBOBOX
895,,LAUCRYSL,C,1,COMBOBOX
896,,LAUCASTS,C,1,COMBOBOX
897,,LAUEPI,C,1,COMBOBOX
898,,LAGLU,N,4(0),TEXTBOX
899,,LABUN,N,5(1),TEXTBOX
900,,LACREATE,N,5(2),TEXTBOX
901,,LABUNCRT,N,2(0),TEXTBOX
902,,LANA,N,3(0),TEXTBOX
903,,LAK,N,3(1),TEXTBOX
904,,LACL,N,3(0),TEXTBOX
905,,LACO2,N,2(0),TEXTBOX
906,,LAAGAP,N,2(0),TEXTBOX
907,,LACA,N,4(1),TEXTBOX
908,,LAPROTEN,N,3(1),TEXTBOX
909,,LAALBUMN,N,3(1),TEXTBOX
910,,LAGLOBIN,N,3(1),TEXTBOX
911,,LAALP,N,6(1),TEXTBOX
912,,LABILRBT,N,4(1),TEXTBOX
913,,LABDATE,D,8,TEXTBOX
914,,LAWBC,N,4(1),TEXTBOX
915,,LARBC,N,5(2),TEXTBOX
916,,LAHEMGLB,N,4(1),TEXTBOX
917,,LAHEMATO,N,4(1),TEXTBOX
918,,LAPLATES,N,6(1),TEXTBOX
919,,LANEUTRO,N,4(1),TEXTBOX
920,,LAAST,N,6(1),TEXTBOX
921,,LAALT,N,6(1),TEXTBOX
922,,LABCOMM,M,4,TEXTAREA
923,,LAGGT,N,6(1),
924,,LAHCO3,N,4(1),
925,,LAMICRPY,C,1,
926,,LATHOMTM,N,4(1),
927,,LAPTT,N,4(1),
928,,LAEGFR,N,3(0),
929,,,,,
930,,,,,
931,,,,,
932,,,,,
933,,,,,
934,Medical and Psychiatric History(MHX),,,,
935,Version 5.01,,,,
936,,,,,
937,,,,,
938,Key Field,Field Name,Type,Length and Decimals,Object Type
939,*,SITE,C,5,
940,*,PROT,C,5,
941,*,PROJID,C,5,
942,*,PROTSEG,C,1,
943,*,VISNO,C,4,
944,,MHXASMDT,D,8,TEXTBOX
945,,MHEYEH,C,1,CHECKBOX
946,,MHEYESP,C,150,TEXTBOX
947,,MHEYEC,C,1,CHECKBOX
948,,MHEARH,C,1,CHECKBOX
949,,MHEARSP,C,150,TEXTBOX
950,,MHEARC,C,1,CHECKBOX
951,,MHRESPH,C,1,CHECKBOX
952,,MHRESPSP,C,150,TEXTBOX
953,,MHRESPC,C,1,CHECKBOX
954,,MHCARDH,C,1,CHECKBOX
955,,MHCARDSP,C,150,TEXTBOX
956,,MHCARDC,C,1,CHECKBOX
957,,MHLIVRH,C,1,CHECKBOX
958,,MHLIVRSP,C,150,TEXTBOX
959,,MHLIVRC,C,1,CHECKBOX
960,,MHGIH,C,1,CHECKBOX
961,,MHGISP,C,150,TEXTBOX
962,,MHGIC,C,1,CHECKBOX
963,,MHSKINH,C,1,CHECKBOX
964,,MHSKINSP,C,150,TEXTBOX
965,,MHSKINC,C,1,CHECKBOX
966,,MHMUSCH,C,1,CHECKBOX
967,,MHMUSCSP,C,150,TEXTBOX
968,,MHMUSCC,C,1,CHECKBOX
969,,MHMETAH,C,1,CHECKBOX
970,,MHMETASP,C,150,TEXTBOX
971,,MHMETAC,C,1,CHECKBOX
972,,MHENDOH,C,1,CHECKBOX
973,,MHENDOSP,C,150,TEXTBOX
974,,MHENDOC,C,1,CHECKBOX
975,,MHRENLH,C,1,CHECKBOX
976,,MHRENLSP,C,150,TEXTBOX
977,,MHRENLC,C,1,CHECKBOX
978,,MHREPOH,C,1,CHECKBOX
979,,MHREPOSP,C,150,TEXTBOX
980,,MHREPOC,C,1,CHECKBOX
981,,MHELPYH,C,1,CHECKBOX
982,,MHELPYSP,C,150,TEXTBOX
983,,MHELPYC,C,1,CHECKBOX
984,,MHNEURH,C,1,CHECKBOX
985,,MHNEURSP,C,150,TEXTBOX
986,,MHNEURC,C,1,CHECKBOX
987,,MHNERVH,C,1,CHECKBOX
988,,MHNERVSP,C,150,TEXTBOX
989,,MHNERVC,C,1,CHECKBOX
990,,MHANXH,C,1,CHECKBOX
991,,MHANXSP,C,150,TEXTBOX
992,,MHANXC,C,1,CHECKBOX
993,,MHADHDH,C,1,CHECKBOX
994,,MHADHDSP,C,150,TEXTBOX
995,,MHADHDC,C,1,CHECKBOX
996,,MHBPLRH,C,1,CHECKBOX
997,,MHBPLRSP,C,150,TEXTBOX
998,,MHBPLRC,C,1,CHECKBOX
999,,MHMDDH,C,1,CHECKBOX
1000,,MHMDDSP,C,150,TEXTBOX
1001,,MHMDDC,C,1,CHECKBOX
1002,,MHSCHZH,C,1,CHECKBOX
1003,,MHSCHZSP,C,150,TEXTBOX
1004,,MHSCHZC,C,1,CHECKBOX
1005,,MHSIDH,C,1,CHECKBOX
1006,,MHSIDSP,C,150,TEXTBOX
1007,,MHSIDC,C,1,CHECKBOX
1008,,MHSBEHH,C,1,CHECKBOX
1009,,MHSBEHSP,C,150,TEXTBOX
1010,,MHSBEHC,C,1,CHECKBOX
1011,,MHHIDH,C,1,CHECKBOX
1012,,MHHIDSP,C,150,TEXTBOX
1013,,MHHIDC,C,1,CHECKBOX
1014,,MHHBEHH,C,1,CHECKBOX
1015,,MHHBEHSP,C,150,TEXTBOX
1016,,MHHBEHC,C,1,CHECKBOX
1017,,MHVBEHH,C,1,CHECKBOX
1018,,MHVBEHSP,C,150,TEXTBOX
1019,,MHVBEHC,C,1,CHECKBOX
1020,,MHPSYEH,C,1,CHECKBOX
1021,,MHPSYESP,C,150,TEXTBOX
1022,,MHPSYEC,C,1,CHECKBOX
1023,,MHPSYOH,C,1,CHECKBOX
1024,,MHPSYOSP,C,150,TEXTBOX
1025,,MHPSYOC,C,1,CHECKBOX
1026,,MHOTHR1,C,50,TEXTBOX
1027,,MHOTHR1S,M,4,TEXTAREA
1028,,MHOTHR1C,C,1,CHECKBOX
1029,,MHOTHR2,C,50,TEXTBOX
1030,,MHOTHR2S,M,4,TEXTAREA
1031,,MHOTHR2C,C,1,CHECKBOX
1032,,MHOTHR3,C,50,TEXTBOX
1033,,MHOTHR3S,M,4,TEXTAREA
1034,,MHOTHR3C,C,1,CHECKBOX
1035,,MHSURGRY,C,1,CHECKBOX
1036,,MHSRG1,C,100,TEXTBOX
1037,,MHSRG1DT,D,8,TEXTBOX
1038,,MHSRG2,C,100,TEXTBOX
1039,,MHSRG2DT,D,8,TEXTBOX
1040,,MHSRG3,C,100,TEXTBOX
1041,,MHSRG3DT,D,8,TEXTBOX
1042,,MHSRG4,C,100,TEXTBOX
1043,,MHSRG4DT,D,8,TEXTBOX
1044,,MHSRG5,C,100,TEXTBOX
1045,,MHSRG5DT,D,8,TEXTBOX
1046,,MHPAIN6M,C,1,CHECKBOX
1047,,MHMEDCON,C,1,CHECKBOX
1048,,MHSRGSCH,C,1,CHECKBOX
1049,,MHOPIMED,C,1,CHECKBOX
1050,,MHDRGALG,C,1,CHECKBOX
1051,,MHXCOMM,M,4,TEXTAREA
1052,,MHMEDCO2,C,1,CHECKBOX
1053,,,,,
1054,,,,,
1055,,,,,
1056,,,,,
1057,Missed Visit Form(MVF),,,,
1058,Version 1.00,,,,
1059,,,,,
1060,,,,,
1061,Key Field,Field Name,Type,Length and Decimals,Object Type
1062,*,SITE,C,5,
1063,*,PROT,C,5,
1064,*,PROJID,C,5,
1065,*,PROTSEG,C,1,
1066,*,VISNO,C,4,
1067,,MVREASON,C,2,COMBOBOX
1068,,MVOTHRSP,C,50,TEXTBOX
1069,,MVFCOMM,M,4,TEXTAREA
1070,,,,,
1071,,,,,
1072,,,,,
1073,,,,,
1074,Naloxone Challenge(NXC),,,,
1075,Version 2.00,,,,
1076,,,,,
1077,,,,,
1078,Key Field,Field Name,Type,Length and Decimals,Object Type
1079,*,SITE,C,5,
1080,*,PROT,C,5,
1081,*,PROJID,C,5,
1082,*,PROTSEG,C,1,
1083,*,VISNO,C,4,
1084,*,NXC_CHNO,C,1,
1085,,NXDOSEDT,D,8,TEXTBOX
1086,,NXDOSTM1,T,5,TEXTBOX
1087,,NXDOSE1,N,4(2),TEXTBOX
1088,,NXROUTE1,C,1,COMBOBOX
1089,,NXDOSTM2,T,5,TEXTBOX
1090,,NXDOSE2,N,4(2),TEXTBOX
1091,,NXROUTE2,C,1,COMBOBOX
1092,,NXCCOMM,M,4,TEXTAREA
1093,,,,,
1094,,,,,
1095,,,,,
1096,,,,,
1097,,,,,
1098,Pregnancy and Birth Control Assessment(PBC),,,,
1099,Version 3.02,,,,
1100,,,,,
1101,,,,,
1102,Key Field,Field Name,Type,Length and Decimals,Object Type
1103,*,SITE,C,5,
1104,*,PROT,C,5,
1105,*,PROJID,C,5,
1106,*,PROTSEG,C,1,
1107,*,VISNO,C,4,
1108,,PBCASMDT,D,8,TEXTBOX
1109,,PBBSTFED,C,1,CHECKBOX
1110,,PBUSEBC,C,1,CHECKBOX
1111,,PBUSEBC,C,1,CHECKBOX
1112,,PBORALCN,C,1,CHECKBOX
1113,,PBPATCH,C,1,CHECKBOX
1114,,PBBARRIR,C,1,CHECKBOX
1115,,PBLEVIMP,C,1,CHECKBOX
1116,,PBMEDINJ,C,1,CHECKBOX
1117,,PBRING,C,1,CHECKBOX
1118,,PBSURGSZ,C,1,CHECKBOX
1119,,PBINTDEV,C,1,CHECKBOX
1120,,PBMENOPA,C,1,CHECKBOX
1121,,PBBCOTH,C,1,CHECKBOX
1122,,PBBCOSP,C,50,TEXTBOX
1123,,PBPRGTST,C,1,CHECKBOX
1124,,PBPTSTDT,D,8,TEXTBOX
1125,,PBRESULT,C,1,CHECKBOX
1126,,PBCCOMM,M,4,TEXTAREA
1127,,,,,
1128,,,,,
1129,,,,,
1130,,,,,
1131,,,,,
1132,Prior and Concomitant Medications(PCM),,,,
1133,Version 1.00,,,,
1134,,,,,
1135,,,,,
1136,Key Field,Field Name,Type,Length and Decimals,Object Type
1137,*,SITE,C,5,
1138,*,PROT,C,5,
1139,*,PROJID,C,5,
1140,*,PCMEDNME,C,25,
1141,*,PCSTRTDT,D,8,
1142,,PCINDICT,C,3,COMBOBOX
1143,,PCINDOTH,C,25,TEXTBOX
1144,,PCMEDAE,C,1,CHECKBOX
1145,,PCONGOIN,C,1,CHECKBOX
1146,,PCTERMDT,D,8,TEXTBOX
1147,,PCMCOMM,M,4,TEXTAREA
1148,,,,,
1149,,,,,
1150,,,,,
1151,,,,,
1152,,,,,
1153,Protocol Deviation Review(PDR),,,,
1154,Version 3.00,,,,
1155,,,,,
1156,,,,,
1157,Key Field,Field Name,Type,Length and Decimals,Object Type
1158,*,SITE,C,5,
1159,*,PROT,C,5,
1160,*,PROJID,C,5,
1161,*,PDDATE,D,8,
1162,*,PDSEQNUM,C,2,
1163,,PDSECTN,M,4,TEXTAREA
1164,,PDTRAIN,C,1,CHECKBOX
1165,,PDPLATRA,M,4,TEXTAREA
1166,,PDDISCDT,D,8,TEXTBOX
1167,,PDCATGRY,C,1,CHECKBOX
1168,,PDPSCMP,C,1,CHECKBOX
1169,,PDPSRVID,C,3,TEXTBOX
1170,,PDPSCOMM,M,4,TEXTAREA
1171,,PDACTDOC,C,1,CHECKBOX
1172,,PDSITESP,M,4,TEXTAREA
1173,,PDIRBRPT,C,1,CHECKBOX
1174,,PDIRBSP,M,4,TEXTAREA
1175,,PDPREVNT,C,1,CHECKBOX
1176,,PDPMCMP,C,1,CHECKBOX
1177,,PDPMRVID,C,3,TEXTBOX
1178,,PVCOMM,M,4,TEXTAREA
1179,,,,,
1180,,,,,
1181,,,,,
1182,,,,,
1183,,,,,
1184,Protocol Deviation(PDV),,,,
1185,Version 1.02,,,,
1186,,,,,
1187,,,,,
1188,Key Field,Field Name,Type,Length and Decimals,Object Type
1189,*,SITE,C,5,
1190,*,PROT,C,5,
1191,*,PROJID,C,5,
1192,*,PDDATE,D,8,
1193,*,PDSEQNUM,C,2,
1194,,PDVDATE,D,8,TEXTBOX
1195,,PDTYPE,C,3,COMBOBOX
1196,,PDTYPSP,M,4,TEXTAREA
1197,,PDDESCPT,M,4,TEXTAREA
1198,,PDACTION,M,4,TEXTAREA
1199,,PDPREVRE,M,4,TEXTAREA
1200,,PDIRBREP,C,1,CHECKBOX
1201,,PDIRBCON,C,1,CHECKBOX
1202,,PDIRBPDT,D,8,TEXTBOX
1203,,PDIRBADT,D,8,TEXTBOX
1204,,PDVCOMM,M,4,TEXTAREA
1205,,,,,
1206,,,,,
1207,,,,,
1208,,,,,
1209,,,,,
1210,Physical Examination(PEX),,,,
1211,Version 3.01,,,,
1212,,,,,
1213,,,,,
1214,Key Field,Field Name,Type,Length and Decimals,Object Type
1215,*,SITE,C,5,
1216,*,PROT,C,5,
1217,*,PROJID,C,5,
1218,*,PROTSEG,C,1,
1219,*,VISNO,C,4,
1220,,PEXASMDT,D,8,TEXTBOX
1221,,PEGENAPP,C,2,LISTBOX
1222,,PEGASP,M,4,TEXTAREA
1223,,PESKHRNA,C,2,LISTBOX
1224,,PESHNSP,M,4,TEXTAREA
1225,,PEHDNK,C,2,LISTBOX
1226,,PEHDNKSP,M,4,TEXTAREA
1227,,PEEENT,C,2,LISTBOX
1228,,PEENTSP,M,4,TEXTAREA
1229,,PECARD,C,2,LISTBOX
1230,,PECARDSP,M,4,TEXTAREA
1231,,PERESP,C,2,LISTBOX
1232,,PERESPSP,M,4,TEXTAREA
1233,,PEGAST,C,2,LISTBOX
1234,,PEGASTSP,M,4,TEXTAREA
1235,,PEEXTR,C,2,LISTBOX
1236,,PEEXTRSP,M,4,TEXTAREA
1237,,PELYMP,C,2,LISTBOX
1238,,PELYMPSP,M,4,TEXTAREA
1239,,PEMUSC,C,2,LISTBOX
1240,,PEMUSCSP,M,4,TEXTAREA
1241,,PENEUR,C,2,LISTBOX
1242,,PENEURSP,M,4,TEXTAREA
1243,,PEINJS,C,2,LISTBOX
1244,,PEINJS,C,2,LISTBOX
1245,,PEINJSSP,M,4,TEXTAREA
1246,,PEINJSSP,M,4,TEXTAREA
1247,,PEOTHER,C,2,LISTBOX
1248,,PEOTHESP,M,4,TEXTAREA
1249,,PEB54HBT,C,1,CHECKBOX
1250,,PEBDHBSP,M,4,TEXTAREA
1251,,PEXCOMM,M,4,TEXTAREA
1252,,,,,
1253,,,,,
1254,,,,,
1255,,,,,
1256,,,,,
1257,Pregnancy Outcome 1(PO1),,,,
1258,Version 1.00,,,,
1259,,,,,
1260,,,,,
1261,Key Field,Field Name,Type,Length and Decimals,Object Type
1262,*,SITE,C,5,
1263,*,PROT,C,5,
1264,*,PROJID,C,5,
1265,*,PGSEQNUM,C,2,
1266,,PO1GENDR,C,2,CHECKBOX
1267,,PO1GESWK,N,2(0),TEXTBOX
1268,,PO1GESDY,N,1(0),TEXTBOX
1269,,PO1GESUN,C,2,CHECKBOX
1270,,PO1WTLBS,N,2(0),TEXTBOX
1271,,PO1WTOZ,N,2(0),TEXTBOX
1272,,PO1WTUNK,C,2,CHECKBOX
1273,,PO1APG1M,N,2(0),TEXTBOX
1274,,PO11APUK,C,2,CHECKBOX
1275,,PO1APG5M,N,2(0),TEXTBOX
1276,,PO15APUK,C,2,CHECKBOX
1277,,PO1NORML,C,1,CHECKBOX
1278,,PO1CONAN,C,2,CHECKBOX
1279,,PO1ABNSP,M,4,TEXTAREA
1280,,PO1COMM,M,4,TEXTAREA
1281,,,,,
1282,,,,,
1283,,,,,
1284,,,,,
1285,,,,,
1286,Pregnancy Outcome 2(PO2),,,,
1287,Version 1.00,,,,
1288,,,,,
1289,,,,,
1290,Key Field,Field Name,Type,Length and Decimals,Object Type
1291,*,SITE,C,5,
1292,*,PROT,C,5,
1293,*,PROJID,C,5,
1294,*,PGSEQNUM,C,2,
1295,,PO2GENDR,C,2,CHECKBOX
1296,,PO2GESWK,N,2(0),TEXTBOX
1297,,PO2GESDY,N,1(0),TEXTBOX
1298,,PO2GESUN,C,2,CHECKBOX
1299,,PO2WTLBS,N,2(0),TEXTBOX
1300,,PO2WTOZ,N,2(0),TEXTBOX
1301,,PO2WTUNK,C,2,CHECKBOX
1302,,PO2APG1M,N,2(0),TEXTBOX
1303,,PO21APUK,C,2,CHECKBOX
1304,,PO2APG5M,N,2(0),TEXTBOX
1305,,PO25APUK,C,2,CHECKBOX
1306,,PO2NORML,C,1,CHECKBOX
1307,,PO2CONAN,C,2,CHECKBOX
1308,,PO2ABNSP,M,4,TEXTAREA
1309,,PO2COMM,M,4,TEXTAREA
1310,,,,,
1311,,,,,
1312,,,,,
1313,,,,,
1314,,,,,
1315,Pregnancy Outcome 3(PO3),,,,
1316,Version 1.00,,,,
1317,,,,,
1318,,,,,
1319,Key Field,Field Name,Type,Length and Decimals,Object Type
1320,*,SITE,C,5,
1321,*,PROT,C,5,
1322,*,PROJID,C,5,
1323,*,PGSEQNUM,C,2,
1324,,PO3GENDR,C,2,CHECKBOX
1325,,PO3GESWK,N,2(0),TEXTBOX
1326,,PO3GESDY,N,1(0),TEXTBOX
1327,,PO3GESUN,C,2,CHECKBOX
1328,,PO3WTLBS,N,2(0),TEXTBOX
1329,,PO3WTOZ,N,2(0),TEXTBOX
1330,,PO3WTUNK,C,2,CHECKBOX
1331,,PO3APG1M,N,2(0),TEXTBOX
1332,,PO31APUK,C,2,CHECKBOX
1333,,PO3APG5M,N,2(0),TEXTBOX
1334,,PO35APUK,C,2,CHECKBOX
1335,,PO3NORML,C,1,CHECKBOX
1336,,PO3CONAN,C,2,CHECKBOX
1337,,PO3ABNSP,M,4,TEXTAREA
1338,,PO3COMM,M,4,TEXTAREA
1339,,,,,
1340,,,,,
1341,,,,,
1342,,,,,
1343,,,,,
1344,Pregnancy Outcome 4(PO4),,,,
1345,Version 1.00,,,,
1346,,,,,
1347,,,,,
1348,Key Field,Field Name,Type,Length and Decimals,Object Type
1349,*,SITE,C,5,
1350,*,PROT,C,5,
1351,*,PROJID,C,5,
1352,*,PGSEQNUM,C,2,
1353,,PO4GENDR,C,2,CHECKBOX
1354,,PO4GESWK,N,2(0),TEXTBOX
1355,,PO4GESDY,N,1(0),TEXTBOX
1356,,PO4GESUN,C,2,CHECKBOX
1357,,PO4WTLBS,N,2(0),TEXTBOX
1358,,PO4WTOZ,N,2(0),TEXTBOX
1359,,PO4WTUNK,C,2,CHECKBOX
1360,,PO4APG1M,N,2(0),TEXTBOX
1361,,PO41APUK,C,2,CHECKBOX
1362,,PO4APG5M,N,2(0),TEXTBOX
1363,,PO45APUK,C,2,CHECKBOX
1364,,PO4NORML,C,1,CHECKBOX
1365,,PO4CONAN,C,2,CHECKBOX
1366,,PO4ABNSP,M,4,TEXTAREA
1367,,PO4COMM,M,4,TEXTAREA
1368,,,,,
1369,,,,,
1370,,,,,
1371,,,,,
1372,,,,,
1373,Confirmed Pregnancy and Outcome(PRG),,,,
1374,Version 1.00,,,,
1375,,,,,
1376,,,,,
1377,Key Field,Field Name,Type,Length and Decimals,Object Type
1378,*,SITE,C,5,
1379,*,PROT,C,5,
1380,*,PROJID,C,5,
1381,*,PGSEQNUM,C,2,
1382,,PRAWARDT,D,8,TEXTBOX
1383,,PRURICNF,C,1,CHECKBOX
1384,,PRSERCNF,C,1,CHECKBOX
1385,,PRULTCNF,C,1,CHECKBOX
1386,,PROTHCNF,C,2,CHECKBOX
1387,,PROTCNSP,C,40,TEXTBOX
1388,,PRCNFMDT,D,8,TEXTBOX
1389,,PRACTIND,C,1,COMBOBOX
1390,,PRAPXDDT,D,8,TEXTBOX
1391,,PRDDTUNK,C,2,CHECKBOX
1392,,PROUTCME,C,2,COMBOBOX
1393,,PROTCMSP,C,40,TEXTBOX
1394,,PROTCMDT,D,8,TEXTBOX
1395,,PRNMLIVB,C,2,COMBOBOX
1396,,PRRSOBSP,M,4,TEXTAREA
1397,,PRGCOMM,M,4,TEXTAREA
1398,,,,,
1399,,,,,
1400,,,,,
1401,,,,,
1402,,,,,
1403,Pre-screening Interview(PSF),,,,
1404,Version 1.02,,,,
1405,,,,,
1406,,,,,
1407,Key Field,Field Name,Type,Length and Decimals,Object Type
1408,*,SITE,C,5,
1409,*,PROT,C,5,
1410,*,PRESCNID,N,4(0),
1411,,YYPSFCH,C,1,CHECKBOX
1412,,PSFASMDT,D,8,TEXTBOX
1413,,PSVECNST,C,1,CHECKBOX
1414,,PSCNSTDT,D,8,TEXTBOX
1415,,PSFINDOT,C,2,COMBOBOX
1416,,,,,
1417,,PSFINDSP,C,25,TEXTBOX
1418,,PSAGE,N,2(0),TEXTBOX
1419,,PSSEX,C,2,CHECKBOX
1420,,PSPREG,C,1,CHECKBOX
1421,,PSALCHL,C,1,CHECKBOX
1422,,PSCOCANE,C,1,CHECKBOX
1423,,PSOPIATE,C,1,CHECKBOX
1424,,PSMETHAM,C,1,CHECKBOX
1425,,PSAMPHET,C,1,CHECKBOX
1426,,PSMARJNA,C,1,CHECKBOX
1427,,PSBENZO,C,1,CHECKBOX
1428,,PSUSEOT,C,1,CHECKBOX
1429,,PSUSESP,C,25,TEXTBOX
1430,,PSPRMSUB,C,2,COMBOBOX
1431,,,,,
1432,,PSPRMSP,C,25,TEXTBOX
1433,,PSNOOP7D,C,1,CHECKBOX
1434,,PSADDTRT,C,1,CHECKBOX
1435,,PSTRTSRV,C,50,TEXTBOX
1436,,PSTKN30D,C,1,CHECKBOX
1437,,PSRX30D,C,1,CHECKBOX
1438,,PSTRTMET,C,1,CHECKBOX
1439,,PSMET30D,C,1,CHECKBOX
1440,,PSMETDAY,N,2(0),TEXTBOX
1441,,PSMETDT,D,8,TEXTBOX
1442,,PSPSYCH,C,1,CHECKBOX
1443,,PSPSYHSP,M,4,TEXTAREA
1444,,PSMEDS,C,1,CHECKBOX
1445,,PSMEDSP,M,4,TEXTAREA
1446,,PSMANDTE,C,1,CHECKBOX
1447,,PSCELL,C,1,CHECKBOX
1448,,PSSMART,C,1,CHECKBOX
1449,,PSCELUSE,C,1,CHECKBOX
1450,,PSCELCOM,C,1,CHECKBOX
1451,,PSCLNC2X,C,1,CHECKBOX
1452,,,,,
1453,,PSXRNTX,C,1,CHECKBOX
1454,,PSELIG,C,1,CHECKBOX
1455,,PSSCHED,C,1,CHECKBOX
1456,,PSAPTDT,D,8,TEXTBOX
1457,,PSDECSCH,C,1,CHECKBOX
1458,,PSNOSTUD,C,1,CHECKBOX
1459,,PSNOMED,C,1,CHECKBOX
1460,,PSSCHOTH,C,1,CHECKBOX
1461,,PSSCHSP,C,25,TEXTBOX
1462,,PSFCOMM,M,4,TEXTAREA
1463,,,,,
1464,,,,,
1465,,,,,
1466,,,,,
1467,,,,,
1468,Pre-Screen Summary (0058)(PSX),,,,
1469,Version 0.00,,,,
1470,,,,,
1471,,,,,
1472,Key Field,Field Name,Type,Length and Decimals,Object Type
1473,*,SITE,C,5,
1474,*,PROT,C,5,
1475,*,SCR52ID,N,4(0),
1476,,PSXASMDT,D,8,TEXTBOX
1477,,PSREFSOU,C,1,COMBOBOX
1478,,PSRSOTSP,C,100,TEXTBOX
1479,,PSELIGPS,C,1,CHECKBOX
1480,,PSNOELIG,C,2,COMBOBOX
1481,,PSPTPCON,C,1,CHECKBOX
1482,,PSNOCONS,C,1,COMBOBOX
1483,,PSNCOTSP,C,100,TEXTBOX
1484,,PSXCOMM,M,4,TEXTAREA
1485,,,,,
1486,,,,,
1487,,,,,
1488,,,,,
1489,,,,,
1490,Quality of Life - PhenX(QLP),,,,
1491,Version 1.02,,,,
1492,,,,,
1493,,,,,
1494,Key Field,Field Name,Type,Length and Decimals,Object Type
1495,*,SITE,C,5,
1496,*,PROT,C,5,
1497,*,PROJID,C,5,
1498,*,PROTSEG,C,1,
1499,*,VISNO,C,4,
1500,,QLPASMDT,D,8,TEXTBOX
1501,,QLHEALTH,C,2,LISTBOX
1502,,QLHLTNGD,N,2(0),TEXTBOX
1503,,QLMTLNG,N,2(0),TEXTBOX
1504,,QLACT,N,2(0),TEXTBOX
1505,,QLPCOMM,M,4,TEXTAREA
1506,,,,,
1507,,,,,
1508,,,,,
1509,,,,,
1510,,,,,
1511,Protocol Satisfaction Survey: Staff(RXS),,,,
1512,Version 1.00,,,,
1513,,,,,
1514,,,,,
1515,Key Field,Field Name,Type,Length and Decimals,Object Type
1516,*,SITE,C,5,
1517,*,PROT,C,5,
1518,*,PROJID,C,5,
1519,*,PROTSEG,C,1,
1520,,RXSASMDT,D,8,TEXTBOX
1521,,RXTECHBG,C,1,CHECKBOX
1522,,RXTECHED,C,1,CHECKBOX
1523,,RXCELLPR,C,1,CHECKBOX
1524,,RXBURDEN,C,1,CHECKBOX
1525,,RXUNNESS,C,1,CHECKBOX
1526,,RXASSIST,C,1,CHECKBOX
1527,,RXMEDADH,C,1,CHECKBOX
1528,,RXATTEND,C,1,CHECKBOX
1529,,RXRELATE,C,1,CHECKBOX
1530,,RXACCURA,C,1,CHECKBOX
1531,,RXLIKE,C,1,CHECKBOX
1532,,RXOVERWH,C,1,CHECKBOX
1533,,RXDOCUM,C,1,CHECKBOX
1534,,RXINCRSE,C,1,CHECKBOX
1535,,RXLOST,C,1,CHECKBOX
1536,,RXREPLAC,C,1,CHECKBOX
1537,,RXGPS,C,1,CHECKBOX
1538,,RXRETURN,C,1,CHECKBOX
1539,,RXCOMPEN,C,1,CHECKBOX
1540,,RXVIDEOS,C,1,CHECKBOX
1541,,RXCOMM,M,4,TEXTAREA
1542,,,,,
1543,,,,,
1544,,,,,
1545,,,,,
1546,,,,,
1547,Study Termination(STT),,,,
1548,Version 3.01,,,,
1549,,,,,
1550,,,,,
1551,Key Field,Field Name,Type,Length and Decimals,Object Type
1552,*,SITE,C,5,
1553,*,PROT,C,5,
1554,*,PROJID,C,5,
1555,*,PROTSEG,C,1,
1556,,STTRMDT,D,8,TEXTBOX
1557,,STSTOP,C,1,CHECKBOX
1558,,STT54WK,C,1,CHECKBOX
1559,,STTRMRES,C,2,COMBOBOX
1560,,STTRMOSP,M,4,TEXTAREA
1561,,STTCOMM,M,4,TEXTAREA
1562,,STPISIGN,C,75,TEXTBOX
1563,,STPISGDT,D,8,TEXTBOX
1564,,,,,
1565,,,,,
1566,,,,,
1567,,,,,
1568,,,,,
1569,Timeline Followback(T54),,,,
1570,Version 1.00,,,,
1571,,,,,
1572,,,,,
1573,Key Field,Field Name,Type,Length and Decimals,Object Type
1574,*,SITE,C,5,
1575,*,PROT,C,5,
1576,*,PROJID,C,5,
1577,*,TFWKSTDT,D,8,
1578,,TLDATE1,D,8,TEXTBOX
1579,,TLDATE2,D,8,TEXTBOX
1580,,TLDATE3,D,8,TEXTBOX
1581,,TLDATE4,D,8,TEXTBOX
1582,,TLDATE5,D,8,TEXTBOX
1583,,TLDATE6,D,8,TEXTBOX
1584,,TLDATE7,D,8,TEXTBOX
1585,,TLSUBAL1,C,1,CHECKBOX
1586,,TLSUBAL2,C,1,CHECKBOX
1587,,TLSUBAL3,C,1,CHECKBOX
1588,,TLSUBAL4,C,1,CHECKBOX
1589,,TLSUBAL5,C,1,CHECKBOX
1590,,TLSUBAL6,C,1,CHECKBOX
1591,,TLSUBAL7,C,1,CHECKBOX
1592,,TLALCHL1,N,2(0),TEXTBOX
1593,,TLALCHL2,N,2(0),TEXTBOX
1594,,TLALCHL3,N,2(0),TEXTBOX
1595,,TLALCHL4,N,2(0),TEXTBOX
1596,,TLALCHL5,N,2(0),TEXTBOX
1597,,TLALCHL6,N,2(0),TEXTBOX
1598,,TLALCHL7,N,2(0),TEXTBOX
1599,,TLTHCR1,C,2,COMBOBOX
1600,,TLTHCR2,C,2,COMBOBOX
1601,,TLTHCR3,C,2,COMBOBOX
1602,,TLTHCR4,C,2,COMBOBOX
1603,,TLTHCR5,C,2,COMBOBOX
1604,,TLTHCR6,C,2,COMBOBOX
1605,,TLTHCR7,C,2,COMBOBOX
1606,,TLCOCR1,C,2,COMBOBOX
1607,,TLCOCR2,C,2,COMBOBOX
1608,,TLCOCR3,C,2,COMBOBOX
1609,,TLCOCR4,C,2,COMBOBOX
1610,,TLCOCR5,C,2,COMBOBOX
1611,,TLCOCR6,C,2,COMBOBOX
1612,,TLCOCR7,C,2,COMBOBOX
1613,,TLCRAKR1,C,2,COMBOBOX
1614,,TLCRAKR2,C,2,COMBOBOX
1615,,TLCRAKR3,C,2,COMBOBOX
1616,,TLCRAKR4,C,2,COMBOBOX
1617,,TLCRAKR5,C,2,COMBOBOX
1618,,TLCRAKR6,C,2,COMBOBOX
1619,,TLCRAKR7,C,2,COMBOBOX
1620,,TLMETR1,C,2,COMBOBOX
1621,,TLMETR2,C,2,COMBOBOX
1622,,TLMETR3,C,2,COMBOBOX
1623,,TLMETR4,C,2,COMBOBOX
1624,,TLMETR5,C,2,COMBOBOX
1625,,TLMETR6,C,2,COMBOBOX
1626,,TLMETR7,C,2,COMBOBOX
1627,,TLAMPR1,C,2,COMBOBOX
1628,,TLAMPR2,C,2,COMBOBOX
1629,,TLAMPR3,C,2,COMBOBOX
1630,,TLAMPR4,C,2,COMBOBOX
1631,,TLAMPR5,C,2,COMBOBOX
1632,,TLAMPR6,C,2,COMBOBOX
1633,,TLAMPR7,C,2,COMBOBOX
1634,,TLMTDR1,C,2,COMBOBOX
1635,,TLMTDR2,C,2,COMBOBOX
1636,,TLMTDR3,C,2,COMBOBOX
1637,,TLMTDR4,C,2,COMBOBOX
1638,,TLMTDR5,C,2,COMBOBOX
1639,,TLMTDR6,C,2,COMBOBOX
1640,,TLMTDR7,C,2,COMBOBOX
1641,,TLHERR1,C,2,COMBOBOX
1642,,TLHERR2,C,2,COMBOBOX
1643,,TLHERR3,C,2,COMBOBOX
1644,,TLHERR4,C,2,COMBOBOX
1645,,TLHERR5,C,2,COMBOBOX
1646,,TLHERR6,C,2,COMBOBOX
1647,,TLHERR7,C,2,COMBOBOX
1648,,TLMDAR1,C,2,COMBOBOX
1649,,TLMDAR2,C,2,COMBOBOX
1650,,TLMDAR3,C,2,COMBOBOX
1651,,TLMDAR4,C,2,COMBOBOX
1652,,TLMDAR5,C,2,COMBOBOX
1653,,TLMDAR6,C,2,COMBOBOX
1654,,TLMDAR7,C,2,COMBOBOX
1655,,TLBARR1,C,2,COMBOBOX
1656,,TLBARR2,C,2,COMBOBOX
1657,,TLBARR3,C,2,COMBOBOX
1658,,TLBARR4,C,2,COMBOBOX
1659,,TLBARR5,C,2,COMBOBOX
1660,,TLBARR6,C,2,COMBOBOX
1661,,TLBARR7,C,2,COMBOBOX
1662,,TLBZOR1,C,2,COMBOBOX
1663,,TLBZOR2,C,2,COMBOBOX
1664,,TLBZOR3,C,2,COMBOBOX
1665,,TLBZOR4,C,2,COMBOBOX
1666,,TLBZOR5,C,2,COMBOBOX
1667,,TLBZOR6,C,2,COMBOBOX
1668,,TLBZOR7,C,2,COMBOBOX
1669,,TLINHR1,C,2,COMBOBOX
1670,,TLINHR2,C,2,COMBOBOX
1671,,TLINHR3,C,2,COMBOBOX
1672,,TLINHR4,C,2,COMBOBOX
1673,,TLINHR5,C,2,COMBOBOX
1674,,TLINHR6,C,2,COMBOBOX
1675,,TLINHR7,C,2,COMBOBOX
1676,,TLOT1R1,C,2,COMBOBOX
1677,,TLOT1R2,C,2,COMBOBOX
1678,,TLOT1R3,C,2,COMBOBOX
1679,,TLOT1R4,C,2,COMBOBOX
1680,,TLOT1R5,C,2,COMBOBOX
1681,,TLOT1R6,C,2,COMBOBOX
1682,,TLOT1R7,C,2,COMBOBOX
1683,,TLOTSP11,C,10,TEXTBOX
1684,,TLOTSP12,C,10,TEXTBOX
1685,,TLOTSP13,C,10,TEXTBOX
1686,,TLOTSP14,C,10,TEXTBOX
1687,,TLOTSP15,C,10,TEXTBOX
1688,,TLOTSP16,C,10,TEXTBOX
1689,,TLOTSP17,C,10,TEXTBOX
1690,,TLOT2R1,C,2,COMBOBOX
1691,,TLOT2R2,C,2,COMBOBOX
1692,,TLOT2R3,C,2,COMBOBOX
1693,,TLOT2R4,C,2,COMBOBOX
1694,,TLOT2R5,C,2,COMBOBOX
1695,,TLOT2R6,C,2,COMBOBOX
1696,,TLOT2R7,C,2,COMBOBOX
1697,,TLOTSP21,C,10,TEXTBOX
1698,,TLOTSP22,C,10,TEXTBOX
1699,,TLOTSP23,C,10,TEXTBOX
1700,,TLOTSP24,C,10,TEXTBOX
1701,,TLOTSP25,C,10,TEXTBOX
1702,,TLOTSP26,C,10,TEXTBOX
1703,,TLOTSP27,C,10,TEXTBOX
1704,,T54COMM,M,4,TEXTAREA
1705,,,,,
1706,,,,,
1707,,,,,
1708,,,,,
1709,,,,,
1710,TLFB Assessment Period(TAP),,,,
1711,Version 5.01,,,,
1712,,,,,
1713,,,,,
1714,Key Field,Field Name,Type,Length and Decimals,Object Type
1715,*,SITE,C,5,
1716,*,PROT,C,5,
1717,*,PROJID,C,5,
1718,*,PROTSEG,C,1,
1719,*,VISNO,C,4,
1720,,TAPASMDT,D,8,TEXTBOX
1721,,TATFSTDT,D,8,TEXTBOX
1722,,TATFSTDT,D,8,TEXTBOX
1723,,TASUBALC,C,1,CHECKBOX
1724,,TAPCOMM,M,4,TEXTAREA
1725,,,,,
1726,,,,,
1727,,,,,
1728,,,,,
1729,,,,,
1730,Treatment Effect Assessment(TEA),,,,
1731,Version 1.01,,,,
1732,,,,,
1733,,,,,
1734,Key Field,Field Name,Type,Length and Decimals,Object Type
1735,*,SITE,C,5,
1736,*,PROT,C,5,
1737,*,PROJID,C,5,
1738,*,PROTSEG,C,1,
1739,*,VISNO,C,4,
1740,,TEAASMDT,D,8,TEXTBOX
1741,,TESUBUSE,C,2,CHECKBOX
1742,,TSSUBRM,M,4,TEXTAREA
1743,,TEHEALTH,C,2,CHECKBOX
1744,,TEHLTHRM,M,4,TEXTAREA
1745,,TELIFEST,C,2,CHECKBOX
1746,,TELIFERM,M,4,TEXTAREA
1747,,TECOMMUN,C,2,CHECKBOX
1748,,TECOMRM,M,4,TEXTAREA
1749,,TEACOMM,M,4,TEXTAREA
1750,,,,,
1751,,,,,
1752,,,,,
1753,,,,,
1754,,,,,
1755,Tobacco Use History(TUH),,,,
1756,Version 1.02,,,,
1757,,,,,
1758,,,,,
1759,Key Field,Field Name,Type,Length and Decimals,Object Type
1760,*,SITE,C,5,
1761,*,PROT,C,5,
1762,*,PROJID,C,5,
1763,*,PROTSEG,C,1,
1764,*,VISNO,C,4,
1765,,TUHASMDT,D,8,TEXTBOX
1766,,TUSMK100,C,2,CHECKBOX
1767,,TUSMFREQ,C,2,COMBOBOX
1768,,TUEVERY,C,2,CHECKBOX
1769,,TUSTRTRG,N,2(0),TEXTBOX
1770,,TUNUMDY,N,2(0),TEXTBOX
1771,,TUSTRTAG,N,2(0),TEXTBOX
1772,,TU30DAYS,N,2(0),TEXTBOX
1773,,TU30AVG,N,2(0),TEXTBOX
1774,,TUNUMEDY,N,2(0),TEXTBOX
1775,,TUNUMRDY,N,2(0),TEXTBOX
1776,,TUHCOMM,M,4,TEXTAREA
1777,,,,,
1778,,,,,
1779,,,,,
1780,,,,,
1781,,,,,
1782,Urine Drug Screen Central Lab(UDC),,,,
1783,Version 1.01,,,,
1784,,,,,
1785,,,,,
1786,Key Field,Field Name,Type,Length and Decimals,Object Type
1787,*,SITE,C,5,
1788,*,PROT,C,5,
1789,*,PROJID,C,5,
1790,*,PROTSEG,C,1,
1791,*,VISNO,C,4,
1792,,UDCENCOL,C,1,CHECKBOX
1793,,UDCENNO,C,2,COMBOBOX
1794,,UDSPNO,C,50,TEXTBOX
1795,,UDCENDT,D,8,TEXTBOX
1796,,UDTEMP,C,1,CHECKBOX
1797,,UDADULT,C,1,CHECKBOX
1798,,UDCENSDT,D,8,TEXTBOX
1799,,UDCENACC,C,10,TEXTBOX
1800,,UDCCOMM,M,4,TEXTAREA
1801,,,,,
1802,,,,,
1803,,,,,
1804,,,,,
1805,,,,,
1806,Urine Drug Screen(UDS),,,,
1807,Version 5.03,,,,
1808,,,,,
1809,,,,,
1810,Key Field,Field Name,Type,Length and Decimals,Object Type
1811,*,SITE,C,5,
1812,*,PROT,C,5,
1813,*,PROJID,C,5,
1814,*,PROTSEG,C,1,
1815,*,VISNO,C,4,
1816,,UDTEST1,C,1,CHECKBOX
1817,,UDNORSN,C,2,COMBOBOX
1818,,UDNOSP1,C,50,TEXTBOX
1819,,UDTEMP1,C,1,CHECKBOX
1820,,UDADULT1,C,1,CHECKBOX
1821,,UDBZO1,C,1,CHECKBOX
1822,,UDAMP1,C,1,CHECKBOX
1823,,UDTHC1,C,1,CHECKBOX
1824,,UDMET1,C,1,CHECKBOX
1825,,UDOPI1,C,1,CHECKBOX
1826,,UDCOC1,C,1,CHECKBOX
1827,,UDMDA1,C,1,CHECKBOX
1828,,UDOXY1,C,1,CHECKBOX
1829,,UDMTD1,C,1,CHECKBOX
1830,,UDBAR1,C,1,CHECKBOX
1831,,UDOP1300,C,1,CHECKBOX
1832,,UDTEST2,C,1,CHECKBOX
1833,,UDNORSN2,C,2,COMBOBOX
1834,,UDNOSP2,C,50,TEXTBOX
1835,,UDTEMP2,C,1,CHECKBOX
1836,,UDADULT2,C,1,CHECKBOX
1837,,UDBZO2,C,1,CHECKBOX
1838,,UDBZOAG2,C,1,COMBOBOX
1839,,UDAMP2,C,1,CHECKBOX
1840,,UDTHC2,C,1,CHECKBOX
1841,,UDMET2,C,1,CHECKBOX
1842,,UDOPI2,C,1,CHECKBOX
1843,,UDCOC2,C,1,CHECKBOX
1844,,UDMDA2,C,1,CHECKBOX
1845,,UDOXY2,C,1,CHECKBOX
1846,,UDMTD2,C,1,CHECKBOX
1847,,UDBAR2,C,1,CHECKBOX
1848,,UDOP2300,C,1,CHECKBOX
1849,,UDSCOMM,M,4,TEXTAREA
1850,,,,,
1851,,,,,
1852,,,,,
1853,,,,,
1854,,,,,
1855,Visual Analog Scale(VAS),,,,
1856,Version 2.01,,,,
1857,,,,,
1858,,,,,
1859,Key Field,Field Name,Type,Length and Decimals,Object Type
1860,*,SITE,C,5,
1861,*,PROT,C,5,
1862,*,PROJID,C,5,
1863,*,PROTSEG,C,1,
1864,*,VISNO,C,4,
1865,,VASASMDT,D,8,TEXTBOX
1866,,VACRMETH,N,3(0),TEXTBOX
1867,,VASCOMM,M,4,TEXTAREA
1868,,,,,
1869,,,,,
1870,,,,,
1871,,,,,
1872,,,,,
1873,Vital Signs(VIS),,,,
1874,Version 3.02,,,,
1875,,,,,
1876,,,,,
1877,Key Field,Field Name,Type,Length and Decimals,Object Type
1878,*,SITE,C,5,
1879,*,PROT,C,5,
1880,*,PROJID,C,5,
1881,*,PROTSEG,C,1,
1882,*,VISNO,C,4,
1883,,VISASMDT,D,8,TEXTBOX
1884,,VIHGTIN,N,4(1),TEXTBOX
1885,,VIHGTCM,N,3(0),TEXTBOX
1886,,VIWTLBS,N,5(1),TEXTBOX
1887,,VIWTKGS,N,5(1),TEXTBOX
1888,,VIBMI,N,2(0),TEXTBOX
1889,,VITEMPF,N,5(1),TEXTBOX
1890,,VITEMPC,N,4(1),TEXTBOX
1891,,VIRESPS,N,2(0),TEXTBOX
1892,,VIPULSE,N,3(0),TEXTBOX
1893,,VIBPSYS1,N,3(0),TEXTBOX
1894,,VIBPDIS1,N,3(0),TEXTBOX
1895,,VIBP2DT,D,8,TEXTBOX
1896,,VIBPSYS2,N,3(0),TEXTBOX
1897,,VIBPDIS2,N,3(0),TEXTBOX
1898,,VIBP3DT,D,8,TEXTBOX
1899,,VIBSYS3,N,3(0),TEXTBOX
1900,,VIBDIS3,N,3(0),TEXTBOX
1901,,VISCOMM,M,4,TEXTAREA
1902,,,,,
1903,,,,,
1904,1. See  ReadMe.docx for parenting and rendering definitions.,,,,
